Rank,Name
1,Justin Jefferson
2,Travis Kelce
3,A.J. Brown
4,Christian McCaffrey
5,Tyreek Hill
6,Bijan Robinson
7,Ja'Marr Chase
8,Austin Ekeler
9,Josh Jacobs
10,Amon-Ra St. Brown
11,CeeDee Lamb
12,Jonathan Taylor
13,J.K. Dobbins
14,Michael Pittman Jr.
15,DK Metcalf
16,Stefon Diggs
17,Tony Pollard
18,Jaylen Waddle
19,Saquon Barkley
20,Marquise Brown
21,Cooper Kupp
22,Davante Adams
23,Kenneth Walker III
24,Derrick Henry
25,Jahmyr Gibbs
26,DeVonta Smith
27,Breece Hall
28,Amari Cooper
29,Christian Kirk
30,DJ Moore
31,Nick Chubb
32,Tee Higgins
33,James Cook
34,Alexander Mattison
35,Chris Godwin
36,Zay Flowers
37,D'Andre Swift
38,Garrett Wilson
39,Chris Olave
40,Rhamondre Stevenson
41,Travis Etienne Jr.
42,Jerry Jeudy
43,Brandon Aiyuk
44,Gabe Davis
45,Joe Mixon
46,Zay Jones
47,Rashee Rice
48,Terry McLaurin
49,Jakobi Meyers
50,Alvin Kamara
51,Khalil Herbert
52,Olamide Zaccheaus
53,Isiah Pacheco
54,Mark Andrews
55,Mike Evans
56,Jordan Addison
57,Jaxon Smith-Njigba
58,Deebo Samuel
59,T.J. Hockenson
60,Damien Harris
61,Christian Watson
62,George Kittle
63,Dallas Goedert
64,Drake London
65,Jahan Dotson
66,Pat Freiermuth
67,Michael Thomas
68,Aaron Jones
69,Nico Collins
70,DeAndre Hopkins
71,Najee Harris
72,James Conner
73,Antonio Gibson
74,George Pickens
75,Rondale Moore
76,Tyler Boyd
77,Jalin Hyatt
78,Allen Lazard
79,Evan Engram
80,Donovan Peoples-Jones
81,K.J. Osborn
82,Diontae Johnson
83,Courtland Sutton
84,Curtis Samuel
85,Cam Akers
86,Javonte Williams
87,Brian Robinson Jr.
88,JuJu Smith-Schuster
89,Miles Sanders
90,Dameon Pierce
91,Dalton Kincaid
92,Devin Duvernay
93,David Njoku
94,Dalton Schultz
95,Josh Reynolds
96,Jaylen Warren
97,D'Onta Foreman
98,Russell Gage
99,Tyler Higbee
100,Gerald Everett
101,Tyler Lockett
102,Irv Smith Jr.
103,Mike Williams
104,Rashid Shaheed
105,Zach Charbonnet
106,Ronald Jones II
107,Zach Ertz
108,Rashod Bateman
109,Mack Hollins
110,Devon Achane
111,Cole Kmet
112,Juwan Johnson
113,Isaiah Hodgins
114,Darren Waller
115,Joshua Palmer
116,Quentin Johnston
117,Romeo Doubs
118,Brandin Cooks
119,Jayden Reed
120,Rashaad Penny
121,Luke Musgrave
122,AJ Dillon
123,Michael Mayer
124,Allen Robinson II
125,Adam Thielen
126,Keenan Allen
127,Greg Dulcich
128,Tyler Conklin
129,Trenton Irwin
130,Rachaad White
131,Dalvin Cook
132,Jerick McKinnon
133,Ben Skowronek
134,Van Jefferson
135,Darius Slayton
136,Hunter Renfrow
137,Chuba Hubbard
138,Terrace Marshall Jr.
139,DeVante Parker
140,Kalif Raymond
141,Devin Singletary
142,Samaje Perine
143,Jelani Woods
144,Noah Fant
145,Alec Pierce
146,Greg Dortch
147,Marquez Valdes-Scantling
148,JaMycal Hasty
149,Kyle Pitts
150,Taysom Hill
151,Chase Edmonds
152,Raheem Mostert
153,Hunter Henry
154,Darnell Mooney
155,Nick Westbrook-Ikhine
156,Laviska Shenault Jr.
157,Foster Moreau
158,Jauan Jennings
159,Gus Edwards
160,Demarcus Robinson
161,Wan'Dale Robinson
162,Kadarius Toney
163,Chigoziem Okonkwo
164,Mike Gesicki
165,Treylon Burks
166,Tyler Allgeier
167,MyCole Pruitt
168,Cade Otton
169,Will Dissly
170,Kendrick Bourne
171,Quez Watkins
172,Jonathan Mingo
173,Kendall Hinton
174,Tutu Atwell
175,Michael Gallup
176,Samori Toure
177,Elijah Mitchell
178,Ashton Dulin
179,Sam LaPorta
180,Colby Parkinson
181,Tre'Quan Smith
182,Donald Parham Jr.
183,Albert Okwuegbunam
184,Joshua Kelley
185,Logan Thomas
186,Tyquan Thornton
187,Jamal Agnew
188,Dezmon Patmon
189,Sterling Shepard
190,Chase Claypool
191,David Montgomery
192,Corey Davis
193,Marlon Mack
194,Kendre Miller
195,Teagan Quitoriano
196,Eric Saubert
197,Jalen Nailor
198,Velus Jones Jr.
199,Zack Moss
200,Tyjae Spears
201,Trey McBride
202,Noah Gray
203,Shi Smith
204,River Cracraft
205,Corey Clement
206,C.J. Ham
207,Equanimeous St. Brown
208,Mo Alie-Cox
209,Dante Pettis
210,Lawrence Cager
211,Dyami Brown
212,Ezekiel Elliott
213,Jonnu Smith
214,Ray-Ray McCloud III
215,Justin Watson
216,C.J. Uzomah
217,Brandon Johnson
218,Royce Freeman
219,Peyton Hendershot
220,Anthony Schwartz
221,David Bell
222,Khalil Shakir
223,Jody Fortson
224,KhaDarel Hodge
225,John Bates
226,Jalen Guyton
227,Johnny Mundt
228,Kyle Philips
229,Ian Thomas
230,Skyy Moore
231,Brevin Jordan
232,Durham Smythe
233,Josiah Deguara
234,Keelan Cole Sr.
235,James Robinson
236,Jordan Akins
237,Connor Heyward
238,Josh Oliver
239,Andre Baccellia
240,Jameson Williams
241,Zach Gentry
242,Deven Thompkins
243,Jalen Virgil
244,Ameer Abdullah
245,David Sills V
246,Cedrick Wilson Jr.
247,Clyde Edwards-Helaire
248,Simi Fehoko
249,Dennis Houston
250,Trayveon Williams
251,Keaontay Ingram
252,Racey McMath
253,Austin Trammell
254,Dawson Knox
255,Mike Strachan
256,Jalen Reagor
257,Kenneth Gainwell
258,Cade Johnson
259,Michael Carter
260,Darrynton Evans
261,Hayden Hurst
262,Keith Kirkwood
263,DeeJay Dallas
264,Robert Tonyan
265,Dee Eskridge
266,Tylan Wallace
267,Michael Woods II
268,James Proche II
269,Cordarrelle Patterson
270,Travis Homer
271,Kylen Granson
272,Tommy Tremble
273,Brock Wright
274,Austin Hooper
275,Dax Milne
276,Tyrie Cleveland
277,Kyren Williams
278,Mike Boone
279,Adam Trautman
280,Gunner Olszewski
281,Ke'Shawn Vaughn
282,Matt Breida
283,Tim Jones
284,Trent Taylor
285,Ihmir Smith-Marsette
286,Demetric Felton Jr.
287,Montrell Washington
288,Kene Nwangwu
289,Patrick Taylor Jr.
290,Danny Gray